X,Y
0.161254747887142,1.02424941181932
0.538877591839992,-0.771772955097144
0.404125885455869,-0.768065819859332
0.815522262942977,0.97002256767105
0.5759580131853,-0.510588213477603
0.415275112609379,-0.836549321132383
0.763718021684326,0.972601285044701
0.935956169501878,0.061180849900783
0.838561562704854,0.859978693647814
0.791286381077953,0.989135111388457
0.375319104758091,-0.569127889246151
0.602215517428704,-0.253026966451893
0.828193702385761,0.910374798349137
0.579415336134844,-0.469927906346746
0.933657617890276,0.089277564641413
0.535429732990451,-0.799764540349605
0.014446924556978,0.142708451509707
0.76390740473289,0.966315719653267
0.228633853723295,0.749230269349681
0.17274521116633,0.982247178004288
0.122304294840433,0.944772325569834
0.40454991243314,-0.807852461042359
0.170584189821966,0.975969564330008
0.824204708333127,0.910717190039036
0.730355412815698,0.862944047963634
0.08389624429401,0.74048624576436
0.959525361075066,-0.186932340143578
0.326205228338949,-0.114728715604092
0.686691620736383,0.54829648312024
0.691276578349061,0.573276220827439
0.223927429062314,0.779111517800183
0.035049368743785,0.343885112265849
0.55164704460185,-0.691987185779616
0.504231370403431,-0.939577073473909
0.964660383178853,-0.218934724297372
0.633156341384165,0.043593885349285
0.99056276481133,-0.448865138060118
0.010152937960811,0.098512569265112
0.219076308771037,0.821756478855987
0.949111566063948,-0.058430345728482
0.111942596617155,0.908079226551314
0.796883308445103,1.00164084804135
0.725675391615368,0.840471025352942
0.842283761245199,0.856091010530012
0.742362253717147,0.93008899328668
0.788807981065474,0.989676726332267
0.360452573630027,-0.446277928510247
0.658221762278117,0.29489206536475
0.321078370208852,-0.071704199594949
0.032170095131733,0.314668612885465
0.490996997454204,-0.982149146392377
0.237143713166006,0.700428872259212
0.676168282167055,0.482895874475878
0.221445345436223,0.802538457554247
0.336018253001384,-0.223471852862016
0.865875376039185,0.678575277387614
0.631323540699668,0.040222317336728
0.362063249456696,-0.443454072411857
0.663561561261304,0.351616047151754
0.782199537497945,1.00592477521016
0.835495948907919,0.87523320642172
0.606624336331151,-0.239662744103322
0.719725198927335,0.789798560068532
0.940319178276695,0.019389948415574
0.143470181734301,0.997952234108932
0.608025550958701,-0.197756609376942
0.667533639702015,0.397636901854296
0.392987198312767,-0.700860893344343
0.298428975162096,0.15485400963299
0.330014824983664,-0.165985576133016
0.882883176323958,0.561390530698559
0.567972848541103,-0.56371627205494
0.64430738973897,0.153037441644298
0.369425084791146,-0.516704144979896
0.729571817792021,0.853044889774277
0.023433057242073,0.226797681051189
0.499218273092993,-0.956465899769158
0.897950411424972,0.419993007875079
0.104891926399432,0.875988042885153
0.670698276371695,0.407090182679815
0.033698629005812,0.325737501703879
0.757617182680406,0.958215646362507
0.469016412389465,-1.00144102080823
0.503267479245551,-0.947360208007105
0.788628962007351,0.996543227057262
0.181266111438163,0.980386669669856
0.36622599454131,-0.496972479652948
0.388314322452061,-0.674945512299258
0.303043584222905,0.128444727998802
0.004468120052479,0.04907311701305
0.189753496204503,0.937149877391712
0.462014800985344,-1.00569307267779
0.766401725704782,0.986002339429717
0.132092116749845,0.961852430626328
0.742184942006134,0.898290707973319
0.080133574432694,0.708501954280433
0.923516291310079,0.195433442756947
0.909188676043414,0.338792855186803
0.008479498908855,0.081753425311893
0.301517876214348,0.123137483142121
0.152829114464112,0.999552547613594
0.349957938422449,-0.361658228590198
0.004719943157397,0.035843276355891
0.611586002050899,-0.177884222452853
0.604569331859238,-0.228655542297966
0.622425442910753,-0.051765103362746
0.104616552242078,0.870837450781029
0.971535246004351,-0.281174165808797
0.370070938835852,-0.534113919619533
0.276641068165191,0.355082666474696
0.800749117159285,1.00068439207861
0.970847981167026,-0.267467569751469
0.794963969266973,0.999781736496773
0.900812910986133,0.392273154505256
0.973076071008109,-0.312470352409567
0.070737844449468,0.638603515741767
0.854469987680204,0.775228871075272
0.177133634570055,0.981809609596501
0.201425425591879,0.900377550826522
0.702176472055726,0.670342335375572
0.690570133388974,0.568233400954293
0.820651086862199,0.928353466949785
0.094139663386159,0.820822111000598
0.937018443015404,0.067007496284425
0.326577928499319,-0.137830297629486
0.85982042492833,0.749542782493472
0.224315366824158,0.78687488876886
0.250163145945407,0.601683590301374
0.470111616537906,-0.996445810490464
0.653498981730081,0.258521178190715
0.858232806087472,0.732523405372054
0.511210365802981,-0.93492476166192
0.25742408784572,0.536765404078722
0.568924204795621,-0.558858388403999
0.750975136063062,0.93400084605228
0.895143536501564,0.447758283592156
0.699926209985279,0.668547462975637
0.439258082653396,-0.950348847123439
0.512228401028551,-0.921540630026343
0.36651162605267,-0.504312870819018
0.122861686977558,0.931999886831907
0.712124660261907,0.76099509478608
0.740659956703894,0.914925991483245
0.74487674550619,0.93236125099205
0.577963863615878,-0.494362217700981
0.661658201483078,0.332305922849099
0.29126254923176,0.231195200385398
0.611703164526261,-0.161166776093869
0.217645499506034,0.81474901594673
0.179788279463537,0.974124766527429
0.67603602737654,0.454337060631305
0.754508451675065,0.947734949285182
0.616726641193964,-0.110180884413599
0.440454310155474,-0.95297066611558
0.851494097034447,0.786657278975622
0.92172496940475,0.203295430168194
0.075346204335801,0.680603925503448
0.714168737526052,0.763062772693476
0.898959881975316,0.425415669387629
0.721518278936856,0.806655320778759
0.795386515674181,1.00845775670887
0.236252348986454,0.70937864171708
0.677021442563273,0.465587489372931
0.677329842117615,0.468310670012502
0.432085206382908,-0.918657614161609
0.463165265624411,-0.998035114705841
0.34870326903183,-0.329001252776608
0.690992306801491,0.592050508336337
0.789273158065043,1.01169039529855
0.370395274483599,-0.552596766247639
0.113948190468363,0.895003294630569
0.372647852287628,-0.554135137488399
0.539816193166189,-0.760995776338305
0.535402071080171,-0.813830502900947
0.502712233341299,-0.937186025422767
0.359737843857147,-0.426475086770979
0.706184402457438,0.668580893310689
0.965343773015775,-0.210323338489221
0.371286607231013,-0.537483425027305
0.438250258681364,-0.942858872447544
0.047069124993868,0.452157346888418
0.032290471368469,0.315771679036026
0.013598232413642,0.149717262130345
0.558618593844585,-0.643616994450643
0.541192834847607,-0.746594865547501
0.429091721191071,-0.919822469369559
0.443016301491298,-0.957981518738021
0.349728977656923,-0.345787554663102
0.450535097275861,-0.976354402018856
0.963218209217303,-0.208116298843165
0.192977037630044,0.927333478220673
0.770127128693275,0.979438148719876
0.353142247884534,-0.359291636569915
0.273688227985986,0.410243923367144
0.45823211746756,-1.00569942734796
0.453637266415171,-0.976308659702479
0.326476973365061,-0.123092116121958
0.10928111046087,0.883841846753816
0.03289240936283,0.325710323034055
0.932750159059651,0.106978944985454
0.031025861739181,0.300745118225153
0.142678696080111,0.98742371379229
0.261749040917493,0.503259911310719
0.024210807052441,0.242573703608295
0.583438451983966,-0.446368653351977
0.800953796482645,0.990033018708628
0.085595882148482,0.767509679613977
0.104703138698824,0.878252223747923
0.522404084098525,-0.895366473158581
0.238970764097758,0.695845180872461
0.221715056686662,0.794483676656227
0.540045230532996,-0.776278524307209
0.879537460277788,0.575491952592764
0.995741238235496,-0.50267595402219
0.901770859607495,0.398744790004702
0.610739050782286,-0.188743674860921
0.107754158671014,0.873626915975491
0.062084648408927,0.600322665171677
0.144725562422536,0.989871075484448
0.866977093624882,0.682786311667178
0.381251145503484,-0.619932003846117
0.033940605469979,0.324948709096379
0.144620021455921,0.995462647283473
0.730635365587659,0.856976654475969
0.13957691390533,0.96927046097294
0.683702364680357,0.53787281970652
0.879125119536184,0.582629455134748
0.471921016811393,-1.01401437320527
0.861965418909676,0.726629384080913
0.624470045906492,-0.041029951375865
0.944223136059009,-0.010144025555636
0.131369994604029,0.974440855473398
0.057190426974557,0.550843775380914
0.92820516822394,0.147531121027947
0.694017193163745,0.601059703909601
0.487737351679243,-0.996094719876288
0.744984445278533,0.894029092461399
0.328692184644751,-0.157454431412722
0.165075108059682,1.00360650137228
0.114041636348702,0.915608468708915
0.144084471161477,0.995570600679947
0.580977111239918,-0.450007948953094
0.378960090805776,-0.607009975654318
0.794009404373355,0.992884251396178
0.712860469589941,0.753522649250804
0.111670499085449,0.906233935266002
0.929194170399569,0.145564531653599
0.113506797817536,0.919681458176767
0.150315869483165,0.998528513866499
0.194796280586161,0.916574962256925
0.0125985724153,0.130195558374754
0.920950708095916,0.218154916163523
0.737542980234139,0.903304527792291
0.860474577290006,0.741376678981121
0.978916864492931,-0.356069667466103
0.103526732535101,0.860309186651688
0.985050200601108,-0.411463621032299
0.418025075341575,-0.85535880153438
0.950543691054918,-0.07945831421656
0.028387644444592,0.272267164234451
0.466367629240267,-0.999874392318951
0.571113837766461,-0.544821097168588
0.1713535025483,0.980361695308163
0.02584733243566,0.246136467533324
0.141636631102301,0.991825517454457
0.48938516934868,-0.969092388322333
0.963456771685742,-0.20195041474662
0.999479258083738,-0.556608488519453
0.945702448836528,-0.025274073325158
0.298842800664715,0.162271466129354
0.882032359135337,0.571269066733822
0.375269221956842,-0.570812513266039
0.115017077070661,0.917762627839278
0.518995592487045,-0.902901974336197
0.360635049990378,-0.459692215027921
0.061529399943538,0.565712759364943
0.918559742742218,0.24075839622638
0.324061485822313,-0.114224056034928
0.378859327058308,-0.624531451899386
0.459443244501017,-1.01478671550317
0.521130815031938,-0.874500915847399
0.807211045757867,0.989353335965949
0.313974117976613,-0.005612301762285
0.118422622908838,0.918743851473368
0.290231143007986,0.218591635677896
0.546920770895667,-0.708983800103872
0.033905455493368,0.335226076584792
0.150836985674687,1.00068255673759
0.592606109450571,-0.344946776638938
0.426767849246971,-0.897908977084586
0.341808933648281,-0.275347301103269
0.212387758190744,0.848549721427656
0.596992148202844,-0.293148353497551
0.0713557387935,0.667568431171881
0.577112358645536,-0.497459049960496
0.702411492937245,0.667490630472031
0.915688658249565,0.26215809244283
0.704888270818628,0.694125132225467
0.837309666327201,0.867938874897724
0.402270639897324,-0.771767714135224
0.409724581404589,-0.808277457477156
0.859342465060763,0.736517868207763
0.430856054998003,-0.928581711714809
0.164112845319323,0.988509390345281
0.804790631053038,0.975959315765637
0.984999181819148,-0.409898256125562
0.568085453822278,-0.545263988583086
0.349195586633869,-0.321938360979556
0.739773339242674,0.901006594045069
0.44655943417456,-0.972002403989234
0.91780531022232,0.248162508736416
0.438761448138393,-0.943789510829433
0.580395293072797,-0.464558219374877
0.594155392725952,-0.310188082941456
0.86330256855581,0.715894754936346
0.9387858674163,0.037077924732051
0.79653260356281,1.00225633960359
0.21524372685235,0.836838489429348
0.746856833924539,0.918089018890405
0.565524067380466,-0.592640938324095
0.010672534699552,0.095810819341993
0.128503072191961,0.958865735428039
0.444625955657102,-0.971834839394418
0.699327693902887,0.653513561959227
0.855742871644907,0.776270272130441
0.62098857795354,-0.057931739626316
0.738053176435642,0.898243292162968
0.463049031910487,-0.988405473722344
0.180339371669106,0.971812084180762
0.29937941825483,0.150592763137814
0.9563664306188,-0.131467917068837
0.108604299253784,0.891762272515216
0.503858217853121,-0.945973972066231
0.70154905540403,0.657916165088243
0.796922795823775,0.994710333141379
0.115990919875912,0.918110688325347
0.889005909557454,0.5141505973585
0.899448842159472,0.420980670903067
0.331182457390241,-0.183296271252447
0.523644620669074,-0.879681437039417
0.289977003005333,0.247608595036858
0.635445664520375,0.073352070299899
0.277340066269971,0.366960070132062
0.201193856424652,0.911295433723696
0.999835229362361,-0.536504194617194
0.194331246777438,0.918949740742988
0.74021973006893,0.881572303579559
0.612804633914493,-0.172614642083442
0.422695493907668,-0.882788967366423
0.410244906204753,-0.824427991041757
0.339594034128822,-0.247409649570241
0.945735181798227,-0.028363610299069
0.971663611591794,-0.285110407134021
0.920234375516884,0.236079767961848
0.667312339763157,0.388503136785677
0.107033995329402,0.885735656489397
0.197130476706661,0.931119313253124
0.180410555680282,0.991528959642907
0.088074497994967,0.761827586511843
0.478633701917715,-1.00513407592555
0.656281545874663,0.276739675427062
0.077331408043392,0.702726898403325
0.817029120516963,0.957899665910949
0.138607832719572,0.995884336929869
0.553328387090005,-0.672988738156302
0.873541867011227,0.632957753845026
0.4516020672163,-0.979483493519096
0.555498168687336,-0.675320616051029
0.577035919879563,-0.496140870484417
0.879148576757871,0.592914947687025
0.092922646435909,0.801881464707565
0.072090861038305,0.646895281745316
0.012439651763998,0.13053960038452
0.143140552681871,1.007399621448
0.872824919992127,0.645394195836332
0.195979431387968,0.906897770653251
0.816920178360306,0.955985427527796
0.718182587181218,0.789867238894085
0.027367605245672,0.279527240371404
0.531237893388607,-0.816086546040081
0.04249097884167,0.412207596976986
0.30075775727164,0.131102496836299
0.931665236945264,0.102058127663464
0.977987035294063,-0.35353389642302
0.819347641081549,0.941751148979912
0.527887426200323,-0.84965367041829
0.757459767512046,0.961113034763907
0.503372704260983,-0.948926126438631
0.444009563769214,-0.981811903244847
0.736563691287302,0.877759382620004
0.351133697084151,-0.358483460345994
0.74398851103615,0.918373799319356
0.378757719299756,-0.600887610062865
0.154488853295334,0.993015940822807
0.296940809930675,0.156458520914017
0.066763633280061,0.604255074328423
0.733046427252702,0.868842259302756
0.645443504094146,0.160449246192256
0.997326164855622,-0.51611201496771
0.94905659079086,-0.06045858154486
0.884302288875915,0.537486321658051
0.206228099879809,0.874699978771539
0.825091586564668,0.932090421073041
0.643632510327734,0.162381821354167
0.005118140834384,0.042350235005761
0.829446683288552,0.897171354590692
0.099686172441579,0.83779585234078
0.467893036897294,-1.00348545771701
0.80212856864091,0.989547720516228
0.174279664992355,0.996283174370582
0.426342201302759,-0.894394892558783
0.485188517835923,-0.988951122018266
0.401681728078984,-0.778729342833419
0.9727842543507,-0.314584328084805
0.528191996156238,-0.860273909571563
0.21013798227068,0.853493953773187
0.682125055347569,0.513398358389822
0.907985990750603,0.33820409604235
0.196179698570631,0.921751192537683
0.015490769292228,0.151511932783023
0.238698554341681,0.684465151099826
0.652402486768551,0.23593674973712
0.743949395022355,0.923801743785854
0.933005016879179,0.103065167158141
0.987210841965862,-0.440284815070849
0.447102417354472,-0.987951023677607
0.502583067747764,-0.944087804210906
0.339530128403567,-0.257980849715429
0.456513180048205,-0.997961129850421
0.747975597972982,0.93342061728172
0.04338513140101,0.418917141200443
0.435325759812258,-0.940751930014757
0.71343398920726,0.765883600935071
0.577119731227867,-0.481819569545041
0.987084324122407,-0.43035965345675
0.705312875215896,0.697154151977097
0.919459814322181,0.22640819921472
0.384930967004038,-0.64652307991976
0.381409665220417,-0.633840644310755
0.206190624157898,0.870916042855883
0.611678131739609,-0.154020516328182
0.935370401130058,0.076085654543336
0.113062706659548,0.894338531225579
0.963272209628485,-0.216789786140013
0.811397471814416,0.973425675365804
0.062133052269928,0.597082618861555
0.340117182466201,-0.249488297013353
0.35335341154132,-0.374797825839608
0.542384822969325,-0.75594695260361
0.30757585063111,0.064752275101102
0.987502539879642,-0.424605780093946
0.725877015502192,0.838612490071348
0.45626131107565,-0.997226558402448
0.170993494451977,0.995281364043558
0.27914691704791,0.348843051624922
0.063368166680448,0.597944896568465
0.424213919206522,-0.902400019016035
0.725967365899123,0.833041689303221
0.789839183562435,0.987355327466603
0.803422463242896,0.972141458237942
0.133208064944483,0.986456446695529
0.010361572378315,0.099754617442207
0.22121224028524,0.805773521845505
0.351538660353981,-0.360679628672929
0.570460359216668,-0.536803143513719
0.829665790195577,0.912905111138475
0.95945098681841,-0.158186500096272
0.484832988237031,-0.980042641385788
0.121911309310235,0.93092624970535
0.236299772863276,0.69549268316221
0.913964887498878,0.281646169633298
0.003382056369446,0.027684356726577
0.556097656837665,-0.654031697560593
0.926160718430765,0.162981589454095
0.051901755970903,0.489121388873561
0.074833426740952,0.673513088144227
0.869419191614725,0.659660961105169
0.762857693131082,0.959597115891483
0.388531434466131,-0.681654942897186
0.97288893989753,-0.304068860356574
0.972328627831303,-0.321717957425262
0.376293249311857,-0.590572682117596
0.287327358149923,0.269645439878888
0.131580559886061,0.972200043135376
0.368491784320213,-0.510023159367564
0.239412065246142,0.684589307178765
0.273178166593425,0.403521929414959
0.926222460460849,0.159980876413477
0.716456524911337,0.769414905880311
0.083398291259073,0.740144499628755
0.81130658404436,0.952350759565786
0.319293590378948,-0.060702611399416
0.597579956869595,-0.301295692801485
0.873427409096621,0.639131748467459
0.772785625769757,1.00962111712139
0.094157958286814,0.80586189335455
0.274464618298225,0.372621698461903
0.478955827536993,-0.986290007586432
0.055518655455671,0.530018722122889
0.9644774395274,-0.214736480806028
0.170062676887028,0.988654077348837
0.715565689723007,0.758023864846957
0.404153391136788,-0.774359652501949
0.525142179219984,-0.849274805346424
0.433860245277174,-0.94005945924185
0.158782719285227,1.00482640300597
0.077246803441085,0.706853188792236
0.881108776782639,0.584836455926578
0.229353420552798,0.747843387299883
0.993817496695556,-0.494606675238482
0.071835815091617,0.646552751989336
0.323512742645107,-0.104995127308175
0.71101633773651,0.731071856560907
0.77434808772523,0.980245726994304
0.351051882258616,-0.365757249947591
0.367031631642021,-0.499001842457886
0.01645207114052,0.181412050879134
0.946405408089049,-0.043183032653783
0.716622582054697,0.782009310900122
0.090929334866814,0.798406569398497
0.888874485739507,0.514873142536392
0.027170079411008,0.263355421673269
0.334927559713833,-0.196045530309987
0.111895848647691,0.90979384404565
0.606254404527135,-0.211345555124595
0.099400333012454,0.834247850402016
0.113168895128183,0.910739394836733
0.844684730633162,0.834950809119931
0.958015864831395,-0.146064973196214
0.008746350533329,0.086592690359047
0.444994305609725,-0.974347523143257
0.354943144717254,-0.405215545887359
0.820212076767348,0.929148528220774
0.117774878512137,0.918086725960554
0.368960775551386,-0.53124841470762
0.743558286339976,0.903486298922905
0.244000198203139,0.65556658165037
0.743956357589923,0.906655201843605
0.666544289910235,0.380676671935528
0.55658022814896,-0.649754356261285
0.793594799819402,0.99078443713801
0.601066717761569,-0.279428354868067
0.879826735821553,0.590675696977393
0.742645652848296,0.914348725244334
0.647128179087304,0.201413688843839
0.732479223166592,0.872236023044892
0.293294552364387,0.197542681247255
0.725755258579738,0.817752779986523
0.263391693704762,0.479622444840165
0.108953475137241,0.889645135107725
0.93170421582181,0.088959375380831
0.859619882307015,0.718403587897225
0.845754305250011,0.80378223072664
0.429068015771918,-0.89867422344255
0.671385547961108,0.415693216663302
0.187336656614207,0.942189916924725
0.054280417622067,0.526821656177711
0.894129384192638,0.460741407258452
0.89724332082551,0.441459620793038
0.94741300039459,-0.044948053078535
0.659743284224533,0.310227330247792
0.102830309537239,0.852156759106349
0.583620164194144,-0.427657677376057
0.269035573932342,0.43896447391987
0.362873552017845,-0.46623069544768
0.641508531873114,0.140927276317065
0.771598967839964,0.979290997484487
0.397313199122436,-0.750172568988006
0.826076398487203,0.912860545677848
0.727891096030362,0.828127001343914
0.087037313147448,0.752040156166867
0.386450721533038,-0.66686668433516
0.305729708983563,0.078203516231428
0.783147635986097,0.974173628634715
0.500820030341856,-0.966718935494318
0.130387261626311,0.954433885844629
0.484433263889514,-0.984865124886968
0.59795859141741,-0.288143705194522
0.810338660026901,0.969170727117556
0.449035077705048,-0.962375095631778
0.606250154203735,-0.222077572294124
0.232989310869016,0.726981090938176
0.4263339828467,-0.913103186443027
0.961829438223504,-0.204553766053294
0.077322900178842,0.699972869949342
0.706172825186513,0.715789869214359
0.482636354514398,-0.976774980966662
0.209200571407564,0.877955212830743
0.586726342211477,-0.396109140641548
0.736953686806373,0.897202399255698
0.604925862164237,-0.232110242532575
0.533753318362869,-0.811189942794447
0.638272552634589,0.11164465401856
0.485429963446222,-0.986447019642873
0.970224212273024,-0.271911539989495
0.882029869710095,0.570339834138518
0.604860489373095,-0.229794645907428
0.12810404074844,0.952571067525444
0.220529914251529,0.809230805639538
0.517468322650529,-0.910976260610923
0.351569400751032,-0.370761173918836
0.063776008668356,0.596000574384366
0.235550189972855,0.703569485135169
0.079978433554061,0.713178957509603
0.05178415926639,0.513613465269022
0.160192570998333,0.997902443155075
0.820428927545436,0.944253998863576
0.982624992378987,-0.391389643234047
0.510883089271374,-0.932744273540764
0.964698068448342,-0.227865884911113
0.205747926491313,0.905727128702851
0.482708019320853,-0.971592137392967
0.208902562386356,0.85286430460118
0.98320915165823,-0.393848190210207
0.647089673322625,0.180701663804671
0.583742313901894,-0.437055045556767
0.757964801858179,0.969796146625022
0.64291339518968,0.134001644650228
0.476540894364007,-0.997803869316246
0.044766640872695,0.43365397785113
0.062675506225787,0.586950137471387
0.924117814633064,0.161449201991327
0.301235091057606,0.125995576071865
0.375498292618431,-0.578529663357768
0.246478218701668,0.638553121785817
0.290876334649511,0.251642614128013
0.934643296175636,0.090088206574919
0.488239395082928,-0.973760596881215
0.424925071070902,-0.91214224876731
0.244561153813265,0.643527128652748
0.473631962318905,-1.00198185533384
0.071950976387598,0.656747850922404
0.823626359342597,0.909495535512976
0.190725975553505,0.941588470669526
0.76514030515682,0.993599212087199
0.609742445987649,-0.170646167417433
0.20444883836899,0.871027580359776
0.460709913750179,-1.00500517337142
0.01294492802117,0.11822247099032
0.170442277682014,0.980219683685772
0.630117580643855,0.019049226906963
0.326788134756498,-0.113448611739927
0.339079141500406,-0.246966971797454
0.479008949943818,-0.997322255000256
0.073328007361852,0.678966061237048
0.469584695645608,-1.00769733317879
0.987751682638191,-0.43996960933756
0.126220551435836,0.934769741384316
0.471236303565092,-1.0035266957598
0.521168039529584,-0.888491157540353
0.940913708764128,0.035684780725427
0.940832020598464,0.036501557155231
0.501800984027796,-0.949719058868045
0.375805437448435,-0.571298179445597
0.729577499791049,0.845501431397901
0.286407702951692,0.271262248350097
0.976085896021687,-0.331711015055822
0.102406978025101,0.8579988877172
0.265504839015193,0.44927673774709
0.000721064512618,-0.011086653799895
0.809880918473937,0.988635910972845
0.466160976910032,-1.02163658161345
0.973510502488352,-0.315879218521121
0.150848250254057,0.987549997549206
0.795648921630345,0.98320502043261
0.363302600686438,-0.46442040321839
0.392591972951777,-0.714783492546345
0.413565829047002,-0.846684326726541
0.440958863240667,-0.956491613448977
0.683863683487289,0.524646795532343
0.399760511820205,-0.745568478214903
0.166188638540916,1.00552061751103
0.246415060129948,0.607173465927773
0.871604368439876,0.643128547158849
0.718842084170319,0.780004197380591
0.758979021222331,0.972646264505175
0.619749759905972,-0.093411984051739
0.53275671240408,-0.81808395092641
0.875336777535267,0.638976558786324
0.453763655968942,-0.967883758609523
0.829736509709619,0.908546436695914
0.298668427974917,0.154203474493009
0.023499014670961,0.220903762327007
0.586318603833206,-0.40128990727984
0.740933499881066,0.908194129194247
0.278111306135543,0.350160914460685
0.982300234143622,-0.379413577284264
0.134714846150018,0.98346358403201
0.399561328464188,-0.755077153027044
0.520163301029243,-0.887026252222942
0.172402841621079,0.995831949647146
0.122596009285189,0.935082603496714
0.920808082330041,0.205181131851172
0.901097686612047,0.401723916993633
0.841932290117256,0.851911007459057
0.927064668037929,0.161026912223478
0.91225427982863,0.314473354701134
0.02514719136525,0.249899718033009
0.061295568826608,0.590958322919118
0.619708855520003,-0.102137296205836
0.80180180107709,0.985935653719749
0.215856897528283,0.83032027747378
0.273695848532952,0.40644009868904
0.206633744412102,0.892469134666901
0.286942414590158,0.278611119554282
0.797828283510171,0.99829794318472
0.713082359055989,0.763340801630612
0.94495716819074,-0.008602971420389
0.59827228600625,-0.293185227823406
0.604570506024174,-0.249561706952337
0.18763454456348,0.941434002635103
0.761980526032858,0.959330272189223
0.759580729878508,0.95258346428001
0.515498881577514,-0.886076850155462
0.313163454527967,-0.001208301066787
0.693725706660189,0.597256596936231
0.140954505070113,0.992183653818476
0.711547980667092,0.742688331058525
0.212756762630306,0.855544916713852
0.094848651089706,0.803324251494806
0.877405011444353,0.629058810287113
0.73941256350372,0.907845103595169
0.944169550086372,-0.026993727368011
0.845633810502477,0.813925766736043
0.317907411023043,-0.045053684193773
0.387141714687459,-0.665340633621255
0.643035692512058,0.144884972690523
0.220754821668379,0.810939197881286
0.594551947317086,-0.332696863460232
0.71769792039413,0.785496402571293
0.057694528601132,0.561597021516475
0.969984199735336,-0.25547777503306
0.902107395348139,0.402311998932845
0.63013865693938,0.025558062708411
0.621481937472709,-0.077260629891389
0.801336724427529,0.978377039583065
0.515765457530506,-0.895588604108163
0.065667877322994,0.615469898786705
0.140232314937748,0.970994054169459
0.187046820879914,0.940585527915544
0.608263548347168,-0.193511496947275
0.689233049633913,0.571536398587192
0.573425005772151,-0.526544774312755
0.249032331747003,0.601430848401112
0.45854612684343,-1.00734621240971
0.398723566089757,-0.751293143575117
0.623257083934732,-0.056662912514622
0.678262263187207,0.471424130685155
0.443093384266831,-0.954212530024378
0.649655075394549,0.239895901250613
0.496100457734428,-0.974531876792213
0.546659907908179,-0.718763182191713
0.392176146735437,-0.711733494301795
0.044730847585015,0.419436430341244
0.930640861042775,0.120853013971424
0.676914707641117,0.469818885028513
0.995834608445875,-0.507616656876949
0.657575464923866,0.297294391437339
0.698355160537176,0.639748686988085
0.839188652229495,0.854034853109256
0.278659985749982,0.357731269644622
0.318447271245532,-0.050728192318573
0.432968847104348,-0.941585377350212
0.202856272808276,0.883116062428964
0.740608681808226,0.918375111252323
0.307542749796994,0.075164224395764
0.413198749884032,-0.842193168648774
0.501367650111206,-0.941081800183079
0.569046233897097,-0.572833803019589
0.088124677888118,0.786279562772654
0.238876200164668,0.699580566089667
0.573353008949198,-0.50651987933515
0.443942824262194,-0.93954142193716
0.987029523705132,-0.428757576812263
0.038412235327996,0.367200940341343
0.949619567138143,-0.065573519417153
0.17180280725006,0.982651025588799
0.434918918996118,-0.925839857918063
0.71664575918112,0.765367639755412
0.869526507682167,0.646472338638797
0.605457472265698,-0.228365482756162
0.607262688805349,-0.210154711862383
0.698328221333213,0.648705437339683
0.677393848658539,0.471139771874473
0.86063066648785,0.740327919160961
0.033369753393345,0.313212676410165
0.766450368915685,0.970444388598131
0.204777611535974,0.876727238506902
0.710811188793741,0.726538694524375
0.667830832418986,0.381577894139529
0.432615651632659,-0.923600157396469
0.92528492200654,0.173817679030879
0.826363978325389,0.909019771273586
0.850972002954222,0.806210868508458
0.159993636305444,0.98820584883926
0.735979838413186,0.868986788117207
0.625709122861736,-0.022909646290749
0.060704872361384,0.575441049904123
0.572135577094741,-0.528438400663068
0.776391834602691,1.00024403411136
0.456860327045433,-0.985069338887092
0.384254938340746,-0.637879984256313
0.806297531235032,0.980462210338157
0.550153742660768,-0.702227951234605
0.325783695909195,-0.111384580494294
0.738303655409254,0.903245373625279
0.633634966914542,0.048509593313285
0.689780146465637,0.572015239613926
0.915126921725459,0.251748164939753
0.261754460749216,0.489955328884907
0.969395537045784,-0.253682231764538
0.755969259305857,0.969264930796464
0.640946990461089,0.117566566712394
0.453595660277642,-0.983622990329372
0.986519796890207,-0.426198257567545
0.43593000236433,-0.93818786348224
0.502202026662417,-0.947802001550272
0.524768495117314,-0.868036685720552
0.613899894873612,-0.136540262703109
0.920463425922208,0.225516874943519
0.355152567033656,-0.397146311824634
0.195295911864378,0.93198069299557
0.724495629197918,0.824338193440758
0.226007957593538,0.775834270567444
0.668507287162356,0.39135644763286
0.733435634407215,0.864675847007945
0.972762092133053,-0.310129049496177
0.999044900410809,-0.547876507765629
0.191464632167481,0.949839675900952
0.307833731756546,0.07090677102232
0.390895973076113,-0.699324067640154
0.944062801892869,-0.020930837635805
0.620846671401523,-0.091452448093861
0.456694617751054,-0.9953132232513
0.177415931946598,0.968442721027598
0.782641743193381,1.0091964106105
0.115711789461784,0.910619590006834
0.05408889928367,0.503096939782318
0.265434727654792,0.459996988617089
0.686487724888139,0.541241775013676
0.900336446822621,0.414280007134189
0.900390064227395,0.422971160899065
0.513323205639608,-0.924736708201719
0.022310523898341,0.209267095468101
0.46410441712942,-1.01413325647784
0.303087320760824,0.113692668246797
0.438112346804701,-0.952082015449212
0.904481677687727,0.364433912171668
0.270217413897626,0.41626705467319
0.973774326615967,-0.302862314367581
0.193462905357592,0.945893126874469
0.659471541061066,0.317868792470253
0.209510699962266,0.866327615945473
0.782039493904449,1.01563984799694
0.571893865126185,-0.542826873361785
0.829005464795046,0.898369866023343
0.065497462055646,0.604578018910762
0.670034516952001,0.425821425177246
0.597211721003987,-0.299110386787632
0.709890636731871,0.735185221947775
0.704825762310065,0.709505755132277
0.314573450596072,-0.012175599843936
0.853949529002421,0.772923042771415
0.391166845220141,-0.704762486147901
0.690513441455551,0.570091129147428
0.532538142404519,-0.826893624588584
0.654077976592816,0.250685565918305
0.722700429731049,0.8057350471496
0.149347048136406,0.991820206686661
0.306454259552993,0.056843847097833
0.107964287162758,0.887182150379543
0.824378627701663,0.930376039125094
0.80342384299729,0.974540094810237
0.145454225013964,0.988421952564899
0.408177185920067,-0.800969780497079
0.320508616394363,-0.056756857125565
0.120844328892417,0.939837217580099
0.902336087194271,0.383634775596133
0.749675055383705,0.922527584110472
0.224174733622931,0.768889678262801
0.098153064376675,0.817121510461148
0.583176902146079,-0.445006339913248
0.16613126930315,1.01250807431695
0.139884765841998,0.98029966193196
0.54629246040713,-0.735462244809765
0.727679940289818,0.841087880042167
0.049042491591536,0.489747895227853
0.327098609763198,-0.127560529710768
0.093913026736118,0.809235881683487
0.396058941842057,-0.736276051658428
0.686329916701652,0.544688581448998
0.030593553907238,0.297754813467714
0.346448818338104,-0.314058807168017
0.975786775466986,-0.31378620293705
0.37215792608913,-0.539674507271209
0.586512377602048,-0.397651466616243
0.349497052491643,-0.348688379713256
0.119804572896101,0.915027106776035
0.569538649055176,-0.554573625631588
0.990109740407206,-0.44672687916474
0.832809891435318,0.888693682282036
0.406087905052118,-0.793377981726335
0.938604800612666,0.025693104372957
0.360880849999376,-0.463429438701508
0.381565098068677,-0.626667333708219
0.611670783604495,-0.172142899943781
0.730987411807291,0.836474294294581
0.133501878124662,0.953217665583823
0.77009764185641,0.983351225994882
0.596067375387065,-0.321210903542128
0.724907604162581,0.826896656975026
0.296647071721964,0.178569077795027
0.38226376043167,-0.628883925113797
0.443532877252437,-0.971763351387917
0.747546275728382,0.931440114101378
0.287968002143316,0.266544915935217
0.109535880968906,0.872313269359772
0.810697691631503,0.95879350761346
0.221349912579171,0.803917046009088
0.02689631364774,0.269170309703182
0.235428748070262,0.706885393459644
0.400827571400441,-0.750137232199967
0.770652954117395,0.988992301383787
0.168268938665278,0.993590179010437
0.705052561010234,0.706328141080131
0.063815618748777,0.602320453903393
0.847308448399417,0.816331828751656
0.10694212873932,0.892366437725074
0.912331129307859,0.304834443875186
0.692485923762433,0.604047656635618
0.463502844912,-0.975432016905879
0.942353845224716,0.002985071124198
0.092039283015765,0.807640588001989
0.622061708359979,-0.048188253612163
0.236011217464693,0.714391456258326
0.043087484897114,0.419995654620143
0.369425692246296,-0.520737089940558
0.311029253178276,0.028702677184948
0.550145245506428,-0.695046257220553
0.594616025104187,-0.321216964847827
0.35094075917732,-0.343431413450109
0.538138542906381,-0.789442601378675
0.169880521832965,0.97339553885994
0.901953199296258,0.375822313256524
0.692778719239868,0.602405510907399
0.581394758657552,-0.479210644338279
0.323097923421301,-0.099547656855733
0.494174547144212,-0.984092960204996
0.758591713034548,0.959239597545292
0.818280510953628,0.944960962058435
0.515826058457606,-0.902652018304555
0.818700713920407,0.95653815750619
0.610998036456294,-0.185406267090735
0.208008257555775,0.87277978778913
0.337584929191507,-0.2262852564555
0.767307918868028,0.989516462690252
0.298449883586727,0.1460707361833
0.13575839868281,0.974888425390036
0.846851955750026,0.835884382632653
0.745104866218753,0.938759304977742
0.889530885615386,0.483398073710766
0.593124332721345,-0.343212661474948
0.942508243140765,-0.003812057668375
0.727838119142689,0.838045426255637
0.447560696047731,-0.979023636375125
0.781212928588502,0.994336895450301
0.2552840228891,0.55776532900299
0.837638295372017,0.869064910532265
0.666312445304357,0.372436331545758
0.005329233710654,0.043283863179659
0.027621140354313,0.272077660975087
0.032094323891215,0.314826814588678
0.249594285734929,0.619453310873902
0.079806931898929,0.708640466273171
0.871206559357233,0.631346183803694
0.954617319977842,-0.143639438478863
0.032034041942097,0.309030787088443
0.540643299347721,-0.767888513149549
0.258877802290954,0.518316925232993
0.866948030772619,0.693063970336555
0.649566375068389,0.222164063328687
0.882770666736178,0.552291380177142
5.07534714415669E-05,0.003631979234366
0.260012674028985,0.518517209894248
0.863439790089615,0.717963029466603
0.993197082425468,-0.480800267981723
0.819355015293695,0.939092376382223
0.07670291827526,0.690193293668816
0.064283429994248,0.609338152522143
0.330761072109453,-0.159118407301248
0.351828413433395,-0.358130309875733
0.795813857926987,1.00429619771357
0.387936979182996,-0.692666804699758
0.731107327505015,0.847634700213769
0.352117122267373,-0.354141619615171
0.893358563422225,0.479672410111508
0.028744335635565,0.289971283279697
0.499248833279125,-0.979868509395753
0.606930198497139,-0.219164726606837
0.715509589877911,0.758651142482027
0.401729516801424,-0.765748980532246
0.889427877613343,0.499915756608241
0.474661450716667,-0.988019068316485
0.539647914818488,-0.763599057248095
0.34106374590192,-0.284263855619941
0.466034019249491,-0.99081615973602
0.991967421607114,-0.469453722430109
0.655161350616254,0.257970921481469
0.895622007432394,0.471290629243797
0.360870140488259,-0.454720400753
0.540597354643978,-0.769163216769213
0.095455797738396,0.815854483201898
0.890885081258602,0.499675198285599
0.65694201074075,0.288774418620327
0.156389849609695,0.993639623055449
0.670508002047427,0.426001949558198
0.772141504450701,0.97829700969541
0.74331794900354,0.909306801480755
0.805931473965757,0.981305261549849
0.357616903376766,-0.418714054715332
0.937333871726878,0.040264646631925
0.592643906013109,-0.354474107019901
0.034215056686662,0.331692569594213
0.536936222924851,-0.795665568900266
0.872619372676127,0.634214927722603
0.882932513370179,0.57707191463613
0.034187786863186,0.343207088780335
0.995852400898002,-0.500811687219879
0.674551250762306,0.474519629084532
0.197026061709039,0.933132767278123
0.329105860670097,-0.144615090539252
0.729988745995797,0.854307652993563
0.386710671591572,-0.647331920819343
0.201703064027242,0.893050370870845
0.51453621161636,-0.923476918927754
0.582763491780497,-0.43745965668047
0.958660420379601,-0.163987465251289
0.899977954453789,0.423972707271111
0.361366885364987,-0.455294187837184
0.030719734844752,0.301830576923046
0.579646555124782,-0.465869996016397
0.705347359995358,0.693016754701857
0.462360423174687,-0.990551619222395
0.523974250419997,-0.858632326060406
0.179294036352076,0.969905441050232
0.138260451727547,0.998198298905373
0.813756789662875,0.958434864473921
0.764524851809256,0.981856256523122
0.375620429753326,-0.570911688368646
0.343914651195519,-0.292330728677175
0.306111110723577,0.072602670248177
0.092206502449699,0.789058935595453
0.382141994894482,-0.613818790449695
0.603088874020614,-0.244544742371498
0.172557943151332,0.974785851301077
0.731071823392995,0.842767145175377
0.747560775023885,0.932689367350843
0.490499230450951,-0.978435310395857
0.327233290416189,-0.133522303621131
0.224685535649769,0.776890536310769
0.246332950540818,0.623375715819508
0.233766118413769,0.715597275066059
0.949645477929153,-0.060348547410995
0.09163485316094,0.804651100646264
0.619552256655879,-0.089839360672426
0.298256699112244,0.151726445437809
0.680526020820253,0.48751101777598
0.569276111084037,-0.547767063033616
0.970478841918521,-0.277154675506872
0.066950392792933,0.63145698625975
0.86440805636812,0.701491674547325
0.149636602611281,0.994947981070744
0.18930705206003,0.946600942718994
0.390008600777946,-0.691756669865906
0.521285276277922,-0.872492455987556
0.209211450186558,0.872031113306672
0.581110864295624,-0.469041808179709
0.845273533719592,0.824157477192541
0.978360426728614,-0.350051145564389
0.239521528477781,0.680108043502302
0.928389035281725,0.1283848216693
0.650670872186311,0.207082790770952
0.352326362277381,-0.366095696439068
0.876131241791882,0.62222694107381
0.705241674208082,0.690126318932938
0.259130288031884,0.520846523014979
0.75750928313937,0.969994388570235
0.315346268122084,-0.003237290914637
0.208305399981327,0.86132026046658
0.460365257342346,-0.997624216258015
0.728464199579321,0.85216729628036
0.687798180035315,0.57025036133032
0.544521697214805,-0.747024181256743
0.278252258314751,0.355289718087311
0.88379747106228,0.546653623085495
0.519437581649981,-0.893123945201074
0.455769472406246,-0.99131971247105
0.389663287322037,-0.699872118430778
0.203753771376796,0.883742818637936
0.913709676475264,0.274432964105643
0.538373634335585,-0.792457961895195
0.983936658711173,-0.409326439145904
0.410223931423388,-0.814939101324872
0.777065903763287,0.995528366030673
0.20800552109722,0.871368808693113
0.808356541558169,0.976513262179285
0.164414526079781,0.98080821369895
0.972670423216186,-0.313862853677041
0.456544470856898,-0.970368542140774
0.028325164574199,0.293336079791267
0.157005782588385,0.995426131881864
0.312100763316266,0.034287200133679
0.40354892227333,-0.794151613273873
0.313255312270485,0.015140364134276
0.375296161160804,-0.570712510806471
0.798679107916541,0.99447025686747
0.028361721546389,0.27728551814762
0.919344630441628,0.225412437204621
0.951265227864496,-0.084146055392134
0.472009153920226,-0.996355122020741
0.517817491781898,-0.891668636034693
0.101463001105003,0.846807957388733
0.914959105313756,0.271475611799325
0.58922369859647,-0.381316559947856
0.470790810068138,-0.988895007051223
0.315327502437867,-0.031716335908026
0.553005552268587,-0.683665748173249
0.550593880121596,-0.701059561374661
0.470793129294179,-0.98372791046487
0.41008377878461,-0.832193525510812
0.603589414968155,-0.248026548114536
0.521692620939575,-0.878646397255495
0.148387980065309,1.00021258110003
0.10328965948429,0.860653562087416
0.004743497935124,0.019549431630936
0.293009179993533,0.182059784789822
0.857092128018849,0.739405211522922
0.231080815545283,0.731432888172136
0.078846537624486,0.705393003355128
0.16312693792861,0.994292766846226
0.654094494064339,0.240203531285024
0.057434347108938,0.537020191369032
0.0047085712431,0.05679075697534
0.164580644690432,1.00691050105551
0.903331565787084,0.397988410518016
0.307368199923076,0.060076031600107
0.878495645825751,0.607317105583442
0.584890260943212,-0.410494947273729
0.160483406973071,0.986656273217567
0.491964655113407,-0.982190702027983
0.947140183416195,-0.059861263419501
0.970212893444113,-0.267228419473076
0.121124695870094,0.938154379166609
0.841131515917368,0.847520582329355
0.266796164331026,0.464889733540712
0.677136179641821,0.477785310271968
0.678080494864844,0.478013911292547
0.23625961469952,0.686959423453567
0.257054744404741,0.535061552456315
0.406948063173331,-0.805805679804906
0.518863696954213,-0.878253871752051
0.436054972582497,-0.956228545922848
0.615745464921929,-0.118534189765023
0.907576226978563,0.348838475863141
0.818887004745193,0.954065324328152
0.332902453024872,-0.184494710000201
0.7166635094909,0.798428058028007
0.209616097738035,0.890636850060915
0.269599587307312,0.453117722914968
0.38879922858905,-0.680709546822972
0.79708862293046,0.999169833902984
0.507357682683505,-0.92948231858891
0.933577522286214,0.095697636904762
0.145113636855967,0.992429128584375
0.619594095391221,-0.075410651235817
0.3806879298063,-0.618022023879906
0.335605122963898,-0.202987747030977
0.545356220914982,-0.755909920113735
0.885215865564533,0.53249291658267
0.001577238435857,0.006429256396149
0.008860560017638,0.114756618998434
0.660367686417885,0.323550369844752
0.1434229753213,0.981905812438247
0.087011658470146,0.755620651425906
0.862776340800338,0.70528923583843
0.528543955297209,-0.84770409268322
0.407299027894624,-0.819044200030631
0.099656305625104,0.823019535452439
0.290672636707313,0.243736006753048
0.791026171878912,1.00974416919549
0.18211044149939,0.958245164178836
0.30451363150496,0.085715849974302
0.542054566903971,-0.758823766287013
0.11116072407458,0.898354561924143
0.619323590886779,-0.079481959157184
0.957133988733403,-0.135691595353366
0.360178230912425,-0.449934365029938
0.340698722633533,-0.264294522123574
0.122048405581154,0.931744897369133
0.848890992696397,0.797593536746029
0.160398871055804,0.998543178470268
0.874578135670163,0.625525521677566
0.747344946605153,0.91663584419627
0.100776264094748,0.833808494773364
0.766872600768693,1.00046655683899
0.204368749982677,0.873249961811459
0.784243758418597,0.991939708525438
0.269609711016528,0.422911450538629
0.908709196955897,0.335348116834155
0.838544908328913,0.853655304895889
0.140541730565019,0.998523272705459
0.521590432501398,-0.880269340665416
0.580759810167365,-0.467826961665922
0.040243667899631,0.394431502719436
0.126791912713088,0.943734259455827
0.23152629553806,0.724701402650985
0.943561562453397,-0.006719073509644
0.803231931873597,1.00253798010823
0.650635680765845,0.225787556942571
0.326706334133632,-0.120677757497869
0.809687261818908,0.953200427361006
0.957550430786796,-0.150087769790944
0.637996477656998,0.103380507850901
0.830471520661376,0.904202748274505
0.157480245106854,0.99378589551907
0.417030470562167,-0.859165654803993
0.375633052666672,-0.582813265861205
0.370282336487435,-0.538297383508472
0.48321680596564,-0.993864231470318
0.4678706767736,-1.00250194958186
0.971748470677994,-0.286895457319989
0.88393416244071,0.554212548545739
0.422548117931001,-0.881689615664792
0.421560675953515,-0.86800508640822
0.844573538633995,0.821258322247529
0.444076418527402,-0.972041600517647
0.420391724794172,-0.879584196835766
0.371745270793326,-0.539937390501515
0.572527676238678,-0.526129794837132
0.786889953655191,1.00736733688062
0.0441043934552,0.443432570648476
0.142133218352683,0.988529026581111
0.251066540717147,0.581730254388725
0.231583456625231,0.726898485779728
0.240122741204686,0.687085476230403
0.852365500410087,0.777094164177696
0.436927879811265,-0.947137904820424
0.125389468972571,0.944780498635927
0.868283992516808,0.673057995398259
0.43030350713525,-0.910970273901139
0.260747854714282,0.502105077507878
0.570169184473343,-0.556246206242789
0.366148877539672,-0.487936340392116
0.47507510043215,-0.990907704689346
0.166904906393029,0.971725366526309
0.918379995157011,0.215200775022085
0.140535110724159,0.974947885153027
0.537114443141036,-0.784986533560658
0.412722058477812,-0.838499645107921
0.446629930636846,-0.974753000726185
0.361795243690722,-0.452178933520092
0.329230975941755,-0.164907946455336
0.760411865427159,0.975636570320151
0.292110092123039,0.225399735373849
0.624242859543301,-0.044804939407156
0.278970361803658,0.341906530093457
0.546631677891128,-0.752019177491045
0.163098861812614,0.975175705376769
0.509962285519578,-0.934726994541876
0.89819777442608,0.417864902534793
0.830061055603437,0.901301505570101
0.206909636384808,0.88456772346146
0.294149356079288,0.191176330361367
0.960639763041399,-0.171123408195381
0.584763541002758,-0.425470943059858
0.446687292889692,-0.97357394442703
0.256972485571168,0.534995991303839
0.585412412066944,-0.426905053740757
0.463351253070869,-0.991298330417955
0.193551225936972,0.92739013248628
0.427150639123283,-0.905406521065725
0.239450822700746,0.67133362136724
0.861233221949078,0.719322924514145
0.268455621902831,0.434642234366733
0.989606216433458,-0.453052416588644
0.251992604811676,0.584161488809621
0.22322181717027,0.793105385785353
0.651656009606086,0.235247847191323
0.089252616628073,0.77568802146029
0.473296152078547,-0.972858567333899
0.915929424227215,0.25925205426865
0.800071024917997,0.986130639493922
0.192051323014312,0.947619786545073
0.19770911836531,0.911423786189353
0.891853129374795,0.494912772745483
0.93898282723967,0.017565464555686
0.661560407024808,0.300561866351287
0.556127474294044,-0.6543984505175
0.169835820212029,0.989263956397712
0.276665537967347,0.363603107205386
0.651949865161441,0.233229212454969
0.692524561309256,0.576688860378619
0.47485026542563,-1.00473688654537
0.270016941823997,0.421837793393434
0.708113458589651,0.717089637769271
0.874852684442885,0.628602432982598
0.677087829331867,0.473144047721916
0.808157634572126,0.978766893895378
0.070247857016511,0.649443164595131
0.568526898394339,-0.550232451083589
0.44699030474294,-0.970857899669918
0.554400913999416,-0.687564862134921
0.524059976800345,-0.874186421476025
0.638215150800534,0.100330497449849
0.292499372386374,0.215369597377507
0.991875285864808,-0.490615345305086
0.330494768568315,-0.172762046362788
0.698566714883782,0.665101496559312
0.480643451097421,-0.989980978175331
0.452725698589347,-0.977311962758546
0.042420248850249,0.408741362428601
0.283557135495357,0.302186641793504
0.633176221628673,0.038443392729493
0.591721159988083,-0.367973102257045
0.027942732558586,0.271285572386364
0.558544670115225,-0.649693952885884
0.856148590450175,0.763441435984317
0.788875680067577,1.00285052754181
0.073757646256127,0.671729094316979
0.860155820264481,0.736310052117482
0.501345449942164,-0.955675009738834
0.335241917404346,-0.209922136377241
0.597873650840484,-0.284296906642881
0.234583488781936,0.707554341649392
0.392420151620172,-0.708859115295054
0.940719412756152,0.013855511329046
0.72332186892163,0.809948862706766
0.018473894917406,0.187326930939084
0.119107854203321,0.926579470295779
0.988587451749481,-0.447120219957457
0.826687342603691,0.899573830395836
0.357187153189443,-0.422013130719134
0.43715366802644,-0.952422836836097
0.760396729339846,0.958956128917865
0.054109833086841,0.522644576847708
0.422129759914242,-0.871968674016152
0.641168973990716,0.113997925049532
0.61162221559789,-0.165807176231695
0.695001101936214,0.622323527969456
0.64347585674841,0.151099361458235
0.724768156302162,0.817724274741266
0.81877296010498,0.940783502173166
0.292710215202533,0.214595195606
0.300519887474366,0.138073985883846
0.853389771305956,0.776856840847001
0.553746142773889,-0.686569741268176
0.192509640124626,0.940215438299165
0.30419632664416,0.112927350843207
0.794606578419916,0.985465126343611
0.580486948485486,-0.454558271596029
0.468963691149838,-1.00481421118005
0.181544456747361,0.970826665954983
0.809208605554886,0.96924108745383
0.874610770842992,0.625212766909715
0.302297859103419,0.104156489486749
0.525334595586173,-0.847695771190368
0.051583300926723,0.497393063957961
0.371740301023237,-0.546315018126764
0.513529737829231,-0.908586481079681
0.912493700743653,0.284388969570092
0.904051975929178,0.363045078740042
0.69050525513012,0.570727399465574
0.06209198886063,0.582036915729147
0.653051531291567,0.256494375618312
0.194262821809389,0.931024742798294
0.389538036077283,-0.685043885595835
0.971499647363089,-0.277480306676556
0.222219963208772,0.79824972456008
0.103406552108936,0.849740086859661
0.392807402298786,-0.717517127036279
0.205225475714542,0.876774485497805
0.303338533150963,0.101378643613202
0.918222734588198,0.22801385013516
0.092181183281355,0.787881808550147
0.44545208720956,-0.968818903253888
0.20583131571766,0.899185753815151
0.325761913903989,-0.105415968472924
0.264135112171061,0.473200633092703
0.650106924236752,0.217763071803291
0.028325003455393,0.279940911706254
0.93132339429576,0.089130503524753
0.057220279122703,0.548035613216846
0.447516475454904,-0.971209775469879
0.948123928275891,-0.055290111665359
0.521841746405698,-0.874449885301595
0.255457862163894,0.534678404290923
0.921822817879729,0.197684640676815
0.652568416087888,0.229763382233147
0.351190299843438,-0.345871289549719
0.754096744232811,0.934185348549514
0.842054966487922,0.840240426882573
0.967321440693922,-0.22221491372699
0.48953709739726,-0.987191848256036
0.290734800393693,0.23525745161019
0.038054111530073,0.361681544117045
0.833563791238703,0.87889597335441
0.239415890420787,0.671234557938372
0.971212187432684,-0.295467524231687
0.327368865371682,-0.134413894650357
0.406146986526437,-0.793378602357147
0.927864664350636,0.163814886538387
0.163388551794924,0.998281846791977
0.88069291471038,0.579636123905132
0.869048589025624,0.667931166646343
0.36154792283196,-0.466703056355517
0.931928783538751,0.106663273297839
0.713790985173546,0.74907754164623
0.483333683456294,-0.993418305770217
0.322340663871728,-0.076185705721747
0.680837787105702,0.480955461060128
0.4447952240007,-0.951391014461867
0.027378945495002,0.267782846612961
0.557572210323997,-0.648162257637398
0.704663742450066,0.682083440511252
0.909617435303517,0.32714878995859
0.189535766490735,0.948960744731353
0.997324657277204,-0.50829185183436
0.051702547934838,0.486171462237332
0.400385882356204,-0.762505918871375
0.729803307098337,0.854704817851117
0.354792729369365,-0.396517892348774
0.433223133790307,-0.934199695754443
0.378387262462638,-0.600536057088269
0.725988049409352,0.827935838709261
0.271495350520127,0.425183261130566
0.644517301465385,0.168675237739278
0.095957611803897,0.821529090129327
0.372153344214894,-0.557283037093464
0.735261456458829,0.873257918071301
0.412237525102682,-0.822385093194974
0.543891230481677,-0.753723478358623
0.957148853805847,-0.134597434053222
0.756290512974374,0.951954077946183
0.022106957971118,0.216211890854019
0.961011887877248,-0.190428221176142
0.410991753335111,-0.81459035723615
0.169436203897931,0.991376049166035
0.872666759067215,0.641738844818855
0.142585899098776,1.0078735163801
0.965321809868328,-0.238646317653928
0.142094120499678,0.967338232461703
0.551711219013669,-0.687231014345177
0.813704057480209,0.974694029533107
0.205349919036962,0.889543252801209
0.192829386913218,0.923635816681495
0.433913233573549,-0.905549275062916
0.335959142656066,-0.224772229664854
0.110514103784226,0.899245224882728
0.661784241790883,0.320615367805766
0.746633931645192,0.933853020779843
0.822338589816354,0.931007392193654
0.349630707991309,-0.343552217565255
0.633756209746935,0.048644867189185
0.004950218717568,0.043527596373314
0.348021715064533,-0.345853178110966
0.251954966573976,0.597005192700205
0.588905243086629,-0.372767964680728
0.148677595076151,0.996058078408016
0.417694555944763,-0.859990221546738
0.168005310348235,0.974355956638277
0.219599664327689,0.832583577146424
0.482689255499281,-0.988686235785663
0.573946368531324,-0.511540665273723
0.837418998009525,0.853711645797011
0.633526406367309,0.048928204721748
0.51216805644799,-0.916417119791316
0.843928836868145,0.822005543664332
0.131727641564794,0.966683178733965
0.030945598962717,0.307655239751151
0.511310204048641,-0.926857633989
0.956539536709897,-0.145245896373379
0.900275214691646,0.420240913682787
0.719834190211259,0.802874156920782
0.185051613836549,0.966531315594
0.014543973724358,0.149161123794491
0.845034292316996,0.826103064168891
0.591948561719619,-0.357852091771736
0.829751686775126,0.905685414233894
0.1618581461953,1.01019715286063
0.731036628945731,0.861979563636541
0.619620738667436,-0.076037269943725
0.670561798731796,0.416745303544405
0.320419546100311,-0.056592718957942
0.819356091902591,0.956363654174345
0.752450778963976,0.958225006495547
0.641221225378104,0.140681535581392
0.98632402846124,-0.412429987117276
0.648011609097011,0.223524976148782
0.798453826573677,0.982428481816424
0.918229762814008,0.24321867637631
0.52236607496161,-0.862618957186371
0.137222840567119,0.972666085379901
0.843271496822126,0.849586762126808
0.538071819930337,-0.777224202403079
0.127315653138794,0.963825317069665
0.223676085588522,0.786479511958457
0.023651265655644,0.239798268795423
0.882005527266301,0.57920222720158
0.970462302095257,-0.277567645213516
0.935208583134227,0.071892318194456
0.326896229875274,-0.118151993408675
0.981895384960808,-0.376343712524271
0.419174720183946,-0.864096432931403
0.456503633060493,-0.98528351298508
0.790214356151409,1.01546212404221
0.513619914767332,-0.911436521801303
0.225052816444077,0.774002396174792
0.583427197881974,-0.435342826873747
0.927863112068735,0.137029605592494
0.478934320271947,-1.01989101336074
0.067706072120927,0.637027995479963
0.885592490318231,0.540031192479774
0.219290891778655,0.813985242795385
0.672555799246766,0.428444654152017
0.246043423539959,0.636628712551802
0.809063344146125,0.96414939307723
0.112416528980248,0.900759196174282
0.251073267194442,0.585825260030478
0.565756506635807,-0.587213025386291
0.277134310570545,0.355468368062152
0.584603772615083,-0.41611543626495
0.21125435444992,0.855207436551723
0.847403533407487,0.833321969665131
0.945448922808282,-0.017988355094521
0.013806292437948,0.138090991496835
0.122871737112291,0.935397372505439
0.695237555191852,0.634605151121866
0.357371521298774,-0.413226517335911
0.730117555125617,0.865354729843292
0.957373710465618,-0.150137857353969
0.489428206230514,-0.971329752154064
0.456117482739501,-0.983871649655932
0.343987720669247,-0.29672219823688
0.183847457519732,0.970943495926448
0.552970472141169,-0.690637037754295
0.051440213690512,0.505311706263701
0.953595097525977,-0.099141258797992
0.66899520822335,0.40934231164951
0.8101256826194,0.966169733629592
0.506134001421742,-0.933638501502716
0.096875354298391,0.816350742051535
0.094444650108926,0.820641025189093
0.933039850206114,0.084450190001834
0.148434356437065,0.989903167193288
0.010973936296068,0.109510692543751
0.236858672113158,0.678929821989701
0.770188069087453,0.986446656136974
0.274032634100877,0.388881111282863
0.7272250225069,0.838460763835793
0.179254106828012,0.978378188246727
0.471619767486118,-1.00929194847303
0.918731326586567,0.219135629529044
0.569298978778534,-0.551361962936265
0.290950853261165,0.241134980854583
0.150569352204911,1.00384476181692
0.556904541677795,-0.66186083428877
0.131335418322124,0.949454375600874
0.939331986592151,0.037981857435566
0.693882756284438,0.612793530674068
0.307411910151131,0.064045969359771
0.8185075026704,0.950094428462763
0.441661441815086,-0.958195631111875
0.936716433265246,0.073844129064028
0.233803530107252,0.711737911220594
0.06015701207798,0.576945333912816
0.491629918455146,-0.963849123972788
0.226141533465125,0.791056228638001
0.591305482550524,-0.337633573115836
0.476889744983055,-1.00511959567411
0.205780059681274,0.867622803828899
0.870589430327527,0.665954617031681
0.475210611824878,-0.996446594368045
0.417741522775032,-0.853823760190732
0.481217913678847,-1.00955134748701
0.257051504566334,0.556670627148163
0.533516436931677,-0.806927966234087
0.423697836115025,-0.886598349462047
0.764729732065462,0.965085430357721
0.005735596991144,0.073891156568038
0.294618950574659,0.196194330649624
0.73010147747118,0.858559700478068
0.382724099210463,-0.625585296550195
0.394073370029218,-0.726906558934382
0.744695735280402,0.916255425401464
0.48738623119425,-0.965936800570547
0.053698753356002,0.499913154839136
0.728936754283495,0.863170362395832
0.33944075985346,-0.247790906983198
0.724843149888329,0.824636116079314
0.870969052542932,0.669402346433405
0.699015843565576,0.67170979588434
0.899458874366246,0.417658008268118
0.36579337681178,-0.511184846229856
0.156087716226466,1.0247409910057
0.703645577304997,0.681715462278906
0.652179750264622,0.238273966594769
0.675404925947078,0.445995615377812
0.628283281461336,0.003156745908127
0.698745296685956,0.646473582633882
0.536110730725341,-0.786100192685689
0.751803544233553,0.945321130172984
0.968335345969535,-0.275842777013448
0.669005499570631,0.395157444454428
0.621095556416549,-0.080478230571992
0.311270295991562,0.029034233622438
0.450316787348129,-0.993775336237223
0.792014568694867,1.00183787580921
0.037384766736068,0.355314034850434
0.137480137054808,0.981181118088047
0.485338801401667,-0.981069582180208
0.853511704248376,0.777947931808988
0.523171531618573,-0.86245812689495
0.802636687527411,0.982774206491253
0.236786688561551,0.696289052797485
0.049597612465732,0.453986933172492
0.142377672134899,0.988715133277788
0.143045938923024,0.988179661372356
0.341473624459468,-0.261979136619004
0.736250850721262,0.878455467437747
0.817054101615213,0.947464560250504
0.726132247247733,0.820122351354702
0.399053141591139,-0.757558384597278
0.558659528498538,-0.636919985947899
0.301928915199824,0.130406080715557
0.113862912054174,0.930371979193069
0.001265868660994,0.017502115801496
0.720981165184639,0.806643608636944
0.443833202705719,-0.965476778861764
0.057241266942583,0.576884194206978
0.349733701092191,-0.332533443715275
0.657450948725455,0.307333213647453
0.626626552199014,-0.01240095055233
0.759769657510333,0.960822795261633
0.977030088542961,-0.322582997904947
0.10843166441191,0.88008491778638
0.669685371336527,0.399428101180006
0.623998907278292,-0.05354179370724
0.157987150247209,0.991628729605497
0.134871783084236,0.974823589290492
0.785003485041671,1.00601526001553
0.265713359112851,0.472471851333321
0.908284805831499,0.336224612457386
0.266670331475325,0.471348517748934
0.207360680564307,0.870995674011283
0.109172803699039,0.882278215159036
0.025077673955821,0.252771726035834
0.719589504296891,0.79783683784134
0.375951996189542,-0.572150765228462
0.363410478574224,-0.479830683793811
0.493253621621989,-0.979945329890476
0.911263599176891,0.298812101793343
0.919293527142145,0.218310380197639
0.337080962373875,-0.240315501508088
0.276772530633025,0.367269482561881
0.351373405545019,-0.354083077486858
0.452071250299923,-1.00306975598444
0.848582634353079,0.808282680259868
0.157560850144364,0.997304307785821
0.774312964058481,0.977020072779203
0.875606001238339,0.633321804321912
0.256636877194978,0.529806532634479
0.62451745767612,-0.043875479093411
0.280126533587463,0.329196436300711
0.915646282839589,0.269585704293424
0.822431812877767,0.923688369288863
0.619935848633759,-0.085150736631339
0.289439865504391,0.244464769398344
0.252090678666718,0.580014713295712
0.36997562891338,-0.521271082602584
0.096979001187719,0.822494557174027
0.017902102670632,0.1743631415337
0.292950400733389,0.21724226021215
0.545686512137763,-0.722901417921404
0.012595472740941,0.130743655769964
0.370245157158934,-0.534455901229147
0.432110098772682,-0.934984631256673
0.863917895476334,0.698489600134933
0.895795976859517,0.467155632334417
0.142484841519035,0.983993279392336
0.399117275490426,-0.746154541810517
0.501879247021861,-0.975361685379974
0.774000332807191,0.991590827812054
0.898543079034425,0.420560366101946
0.562018168042414,-0.618810583117916
0.698460914078169,0.642029277033558
0.794657010235824,0.984584190831708
0.019979273318313,0.199179287397098
0.506782500189729,-0.947712156525076
0.041377851157449,0.414204417801162
0.526407189085148,-0.850212167994884
0.242976064211689,0.651704038004863
0.821295037283562,0.94464186352067
0.672448411467485,0.405850572165088
0.236736300284974,0.69494660844426
0.380872071138583,-0.623728185532454
0.257361603085883,0.536707073265445
0.671494523412548,0.423397405882483
0.789129424490966,0.994807036799594
0.971489372081123,-0.296475733837241
0.654471622197889,0.261566560286888
0.454355723340996,-0.997574500506087
0.720837182481773,0.807600102650641
0.561084180255421,-0.625760169642436
0.637966065318324,0.10148930928724
0.110893181408755,0.915508616630629
0.130727801588364,0.939284524514164
0.877406516694464,0.62155429776757
0.187916060793214,0.956661868843633
0.517634820309468,-0.884486841819809
0.078527687932365,0.701187643192378
0.502302495646291,-0.941271687886392
0.159710815059952,1.0173597702454
0.811240020790137,0.968798016558566
0.365716270054691,-0.488571216073084
0.80711019935552,0.977317247281915
0.511444361764006,-0.926061503048457
0.892697319504805,0.480266870561371
0.827762919594534,0.906092632620038
0.516154986456968,-0.904688617793261
0.450172784388997,-0.981124574604884
0.910314969602041,0.325323272322467
0.413476782734506,-0.851253388830998
0.778011021786369,1.00907393620649
0.9649542971747,-0.224728227090679
0.772246341570281,0.983767870928986
0.968555543920957,-0.25944526100716
0.067018905072473,0.615536600321624
0.508264711941592,-0.925621985597645
0.090209172456525,0.776929100195762
0.551295865210705,-0.706581300650232
0.117841873201542,0.920471672567224
0.675509331165813,0.455329930929698
0.860520514077507,0.721304493081262
0.552517559961416,-0.698415905584994
0.849121046834625,0.797003572363578
0.378041109419428,-0.602575241549477
0.722752883215435,0.805937092184535
0.975823940359987,-0.320377680501306
0.711529177729972,0.742529443542501
0.721260935883038,0.803670272651963
0.172553011332639,0.983981114573889
0.947866527014412,-0.046360487848319
0.552505292580463,-0.711892228372617
0.690710965893231,0.577880843284087
0.314761866931804,0.002578259964656
0.602307076216675,-0.251207101349402
0.045241944142617,0.440157559803027
0.317354478989728,-0.035072426435213
0.727222485817038,0.83616335261041
0.135786728817038,0.974854902647655
0.585239027277567,-0.415229407064386
0.968508076737635,-0.261078256608432
0.594551483052783,-0.319087206100498
0.753694396815263,0.937733948082248
0.119165080948733,0.915240300259347
0.719015895272605,0.774294771990855
0.488729994394816,-0.990208206069911
0.095460143056698,0.832297388605086
0.406321319867857,-0.791418670884992
0.254887329530902,0.57787280030369
0.037406775983982,0.381730013535152
0.597464718273841,-0.312784475800096
0.635166346444748,0.087089798081428
0.799074254813604,0.984306790009374
0.25066163262818,0.593042830703228
0.907351407571696,0.337217568792241
0.524272370734252,-0.865583370406594
0.948990141623654,-0.06624242790467
0.151180333108641,0.990431958917393
0.849221773562022,0.802302567447896
0.124634777544998,0.941072890676122
0.919204948819242,0.228844111930969
0.97455798194278,-0.318669173634527
0.508892135345377,-0.941249775150603
0.385091167292558,-0.649252931881485
0.664618263370357,0.366158282147326
0.51738441188354,-0.894941853456856
0.655118289985694,0.269382527201705
0.534076755517162,-0.810988353055604
0.306310333427973,0.093493757681226
0.036123214871623,0.360594559240129
0.72308970510494,0.802934548792861
0.459380613523535,-1.00628708076643
0.308273508795537,0.054462316082523
0.035134422010742,0.343489394205854
0.682465020683594,0.506591915888394
0.957166376407258,-0.165840336751799
0.87840589240659,0.60156038888733
0.034692270564847,0.330202475571337
0.789732197648846,0.997365159789952
0.107475020573474,0.899466548543273
0.565411225077696,-0.589010042756457
0.639614043408074,0.114011566202047
0.71811925561633,0.776640612195485
0.059884082176723,0.55337943226616
0.262213247246109,0.484109176408122
0.979956128983758,-0.354626087656108
0.442400168743916,-0.954885919501485
0.386289264424704,-0.630780862337611
0.193239037063904,0.941485607681292
0.733682108228095,0.87268296286108
0.868804528960027,0.665820457757789
0.930383568746038,0.118652749719339
0.322359074023552,-0.08194827854901
0.731094616348855,0.85995761962039
0.564493181998841,-0.585431124627599
0.233883887180127,0.725907805165991
0.641442902968265,0.116411579221061
0.208042513229884,0.884609663339266
0.263585720327683,0.494831531402134
0.367449957760982,-0.51343319164667
0.198408207972534,0.923388402834139
0.782183465431444,0.972562344856756
0.808233350864612,0.977917134624272
0.633616764447652,0.05906760835629
0.196969472221099,0.930438675089266
0.665578398271464,0.360583388603013
0.616742536774837,-0.115072567736864
0.44075194594916,-0.954589902320961
0.802909438847564,0.985667116542114
0.597736033494584,-0.30812256976943
0.090778283425607,0.753142878585772
0.193808424868621,0.946325333233124
0.48461412533652,-1.00076866348001
0.064570687361993,0.606790381046323
0.547605035244487,-0.726445970443095
0.585031170747243,-0.426778969099965
0.994221073226072,-0.482204927895087
0.578891646233387,-0.464964461453654
0.916307783569209,0.248938393524233
0.142951814341359,0.99422786386409
0.061191398301162,0.568490672805065
0.607380781671964,-0.209301361964949
0.279483571997844,0.34905812101035
0.997060592402704,-0.502793386164103
0.537332918611355,-0.772022535568786
0.656288391095586,0.276278221105319
0.775538038811646,1.00214215065321
0.478614878025837,-0.993848950713568
0.39142092957627,-0.697942396531383
0.586548915714957,-0.388038834736741
0.334821655065753,-0.222167054588509
0.171200795448385,0.979975401813332
0.158258752548136,0.981609997908328
0.75180670816917,0.947864289987501
0.653926073224284,0.274460585510883
0.454382625292055,-0.992630296164582
0.743830797611736,0.902811095203123
0.771163910976611,0.996280419331175
0.135402111918665,0.965029347760137
0.31258713954594,0.003748429672313
0.335125139099546,-0.210291711367326
0.497160681872629,-0.967841146037119
0.903691252111457,0.381292480042477
0.725629486260004,0.828027665930644
0.885146831045859,0.55254356700073
0.222887541051023,0.777155133353897
0.835705174948089,0.878766058346807
0.874279879615642,0.630330562257564
0.505358251859434,-0.939125724573202
0.173114155535586,0.980199620889622
0.274638812639751,0.373192921563897
0.392846080823801,-0.712598018828612
0.512023953138851,-0.914096923381719
0.962257046601735,-0.197520722678984
0.561257692635991,-0.625244470739425
0.725968026905321,0.82530347761228
0.438612737809308,-0.962341124168117
0.385069541982375,-0.658318698765421
0.653762235655449,0.247914213770785
0.518179662642069,-0.893109370653979
0.21097602637019,0.858578501997701
0.595417440519668,-0.3131500182132
0.486437670537271,-0.986403279043497
0.983515206375159,-0.400531685665912
0.632050053798594,0.02597824800053
0.915965493419208,0.26866268304146
0.158490248140879,1.00732772782721
0.942340502631851,-0.00051492244305
0.797378119896166,1.02295241925304
0.794086451060139,1.01664751165771
0.271044438355602,0.424412299673838
0.628653056570329,0.006040684702832
0.07316219212953,0.678970888524134
0.518904732423835,-0.884471369717591
0.523750123218633,-0.851682700208364
0.835498793399893,0.886349392773296
0.076062207692303,0.688023822730635
0.557327330461703,-0.637296357129242
0.632691191858612,0.038323694261902
0.381721498561092,-0.622850197286295
0.11155638739001,0.885363454808837
0.374028948950581,-0.553345072819191
0.043455536593683,0.42001865479724
0.005066744866781,0.036144170663237
0.176404619473033,1.00000044640625
0.623970773885958,-0.059885439824058
0.006372058414854,0.067470218389665
0.406167735694908,-0.787388596552905
0.044931155513041,0.43307069841666
0.789406569558196,1.00286311373888
0.58296617877204,-0.440232224208911
0.867472713231109,0.689987834548592
0.923112734802999,0.174117473942659
0.534477657289244,-0.790827938986602
0.343515019281767,-0.301060256460917
0.208471974940039,0.859007800792949
0.749923193012364,0.937934593665173
0.76311243546661,0.981695907074523
0.466058957506903,-1.00917048490597
0.938716480624862,0.028395286836792
0.805991140077822,0.969204940246803
0.594725381932221,-0.347396596918807
0.019448567531072,0.193874210366281
0.849258690257557,0.792789490566765
0.53769515932072,-0.791226782959675
0.017289221403189,0.17735369633522
0.089625677210279,0.775743462670433
0.719254623749293,0.771051044508618
0.539734016056173,-0.7871167445742
0.890478425775655,0.504138246739361
0.229263387504034,0.752585019898423
0.675564503646456,0.438825331065096
0.686821211944334,0.547665240097004
0.87069913384039,0.663973488185218
0.941925249644555,0.015078178072552
0.649431852041744,0.205399827538474
0.131144596845843,0.97180203050108
0.3267593922792,-0.125828933655684
0.55168478412088,-0.714166695127133
0.246658621705137,0.629828496431219
0.833965116064064,0.880976438073235
0.41818200389389,-0.867440305247551
0.282702509663068,0.308917863528072
0.391708243987523,-0.700777590840909
0.313168152351864,0.0128165548093
0.109146354836412,0.875156667059331
0.308233649353497,0.060551747564489
0.355169007438235,-0.397130169832359
0.816312684328295,0.953903429285166
0.728356409235857,0.835952448246344
0.476014504092746,-0.989183374011664
0.21465555659961,0.823152994451899
0.919880985165946,0.250337008938016
0.292647452442907,0.207185259740519
0.275696534081362,0.388574372925745
0.350688635488041,-0.351561793801603
0.691859202808701,0.594583340135116
0.188409410067834,0.936766097140776
0.134597572847269,0.979859082673766
0.322263643727638,-0.078198201305522
0.284580900915898,0.300054247449
0.786917798570357,1.00067859197026
0.153753154794686,0.9863984931125
0.018670706660487,0.18780769972303
0.545891013578512,-0.755672500032109
0.159275614540093,1.00131428128601
0.500304239685647,-0.946566301879554
0.761911503388546,0.950229651047384
0.585404493031092,-0.426387403872913
0.263165693846531,0.499062604083224
0.658657515072264,0.292395135388776
0.35898738342803,-0.445597271903428
0.682156282360666,0.519396440728032
0.869853626587428,0.663391062340572
0.08439245086629,0.739699368080439
0.039041305077262,0.385968980324974
0.4712558001047,-0.995961038756497
0.414342217030935,-0.831289318450513
0.419233870110475,-0.872066902402874
0.36624747060705,-0.502743349702142
0.177042673691176,0.975883140695908
0.045895411283709,0.436741501683224
0.162802293081768,0.994445947262437
0.251825531362556,0.594479564871108
0.238532063667662,0.703672519118943
0.907302068197168,0.341658701750351
0.597462643519975,-0.309197781537166
0.488677698071115,-0.996196872375572
0.393144450965337,-0.704050873554487
0.252446368453093,0.591366981866808
0.367600730969571,-0.509858091653598
0.285329182981513,0.286623977880538
0.204470549128018,0.89741656461983
0.144813394290395,1.00092072936542
0.551219568471424,-0.704195473564342
0.33432924200315,-0.20413842888195
0.422678595059551,-0.889180806055465
0.994224556838162,-0.488339307972662
